{
    "terminals": [
        "$",
        "(",
        ")",
        "*",
        "+",
        ",",
        "-",
        "/",
        ":",
        ";",
        "<",
        "=",
        "[",
        "]",
        "{",
        "}",
        "NUM",
        "ID",
        "int",
        "void",
        "break",
        "if",
        "endif",
        "else",
        "while",
        "return",
        "switch",
        "case",
        "default",
        "==",
        "output"
    ],
    "non_terminals": [
        "$accept",
        "program",
        "declaration_list",
        "declaration",
        "var_declaration",
        "arr_declaration",
        "type_specifier",
        "fun_declaration",
        "params",
        "param_list",
        "param",
        "compound_stmt",
        "local_declarations",
        "statement_list",
        "statement",
        "expression_stmt",
        "selection_stmt",
        "iteration_stmt",
        "return_stmt",
        "switch_stmt",
        "case_stmts",
        "case_stmt",
        "default_stmt",
        "expression",
        "var",
        "simple_expression",
        "additive_expression",
        "term",
        "factor",
        "call",
        "args",
        "arg_list",
        "push_id",
        "save_const",
        "save",
        "empty_cell",
        "label",
        "lt",
        "add",
        "div",
        "eq",
        "mult",
        "sub",
        "assign",
        "assign_chain_inc",
        "output",
        "start_scope",
        "end_scope",
        "ifelse",
        "if_block",
        "while_loop",
        "switch_block",
        "new_case",
        "break_stmt",
        "index_addr",
        "call_fun",
        "declare_id",
        "declare_type",
        "declare_size",
        "declare_var",
        "declare_arr",
        "declare_var_init",
        "declare_arr_init",
        "declare_func",
        "declare_address",
        "call_args_start",
        "new_call_arg",
        "new_fun_arg",
        "end_func",
        "return_void",
        "return_expr"
    ],
    "first": {
        "$accept": [
            "void",
            "int"
        ],
        "program": [
            "void",
            "int"
        ],
        "declaration_list": [
            "void",
            "int"
        ],
        "declaration": [
            "void",
            "int"
        ],
        "var_declaration": [
            "void",
            "int"
        ],
        "arr_declaration": [
            "void",
            "int"
        ],
        "type_specifier": [
            "void",
            "int"
        ],
        "fun_declaration": [
            "void",
            "int"
        ],
        "params": [
            "void",
            "int"
        ],
        "param_list": [
            "int"
        ],
        "param": [
            "int"
        ],
        "compound_stmt": [
            "{"
        ],
        "local_declarations": [
            "void",
            "int"
        ],
        "statement_list": [
            "return",
            "while",
            "(",
            "NUM",
            "if",
            "switch",
            "break",
            "{",
            "output",
            "ID",
            ";"
        ],
        "statement": [
            "return",
            "output",
            "while",
            "(",
            "ID",
            ";",
            "NUM",
            "if",
            "switch",
            "break",
            "{"
        ],
        "expression_stmt": [
            "output",
            "(",
            "ID",
            ";",
            "NUM",
            "break"
        ],
        "selection_stmt": [
            "if"
        ],
        "iteration_stmt": [
            "while"
        ],
        "return_stmt": [
            "return"
        ],
        "switch_stmt": [
            "switch"
        ],
        "case_stmts": [
            "case"
        ],
        "case_stmt": [
            "case"
        ],
        "default_stmt": [
            "default"
        ],
        "expression": [
            "output",
            "(",
            "ID",
            "NUM"
        ],
        "var": [
            "ID"
        ],
        "simple_expression": [
            "output",
            "(",
            "ID",
            "NUM"
        ],
        "additive_expression": [
            "output",
            "(",
            "ID",
            "NUM"
        ],
        "term": [
            "output",
            "(",
            "ID",
            "NUM"
        ],
        "factor": [
            "output",
            "(",
            "ID",
            "NUM"
        ],
        "call": [
            "output",
            "(",
            "ID"
        ],
        "args": [
            "output",
            "(",
            "ID",
            "NUM"
        ],
        "arg_list": [
            "output",
            "(",
            "ID",
            "NUM"
        ],
        "push_id": [],
        "save_const": [],
        "save": [],
        "empty_cell": [],
        "label": [],
        "lt": [],
        "add": [],
        "div": [],
        "eq": [],
        "mult": [],
        "sub": [],
        "assign": [],
        "assign_chain_inc": [],
        "output": [
            "output"
        ],
        "start_scope": [],
        "end_scope": [],
        "ifelse": [],
        "if_block": [],
        "while_loop": [],
        "switch_block": [],
        "new_case": [],
        "break_stmt": [],
        "index_addr": [],
        "call_fun": [],
        "declare_id": [],
        "declare_type": [],
        "declare_size": [],
        "declare_var": [],
        "declare_arr": [],
        "declare_var_init": [],
        "declare_arr_init": [],
        "declare_func": [],
        "declare_address": [],
        "call_args_start": [],
        "new_call_arg": [],
        "new_fun_arg": [],
        "end_func": [],
        "return_void": [],
        "return_expr": [],
        "$": [
            "$"
        ],
        "(": [
            "("
        ],
        ")": [
            ")"
        ],
        "*": [
            "*"
        ],
        "+": [
            "+"
        ],
        ",": [
            ","
        ],
        "-": [
            "-"
        ],
        "/": [
            "/"
        ],
        ":": [
            ":"
        ],
        ";": [
            ";"
        ],
        "<": [
            "<"
        ],
        "=": [
            "="
        ],
        "[": [
            "["
        ],
        "]": [
            "]"
        ],
        "{": [
            "{"
        ],
        "}": [
            "}"
        ],
        "NUM": [
            "NUM"
        ],
        "ID": [
            "ID"
        ],
        "int": [
            "int"
        ],
        "void": [
            "void"
        ],
        "break": [
            "break"
        ],
        "if": [
            "if"
        ],
        "endif": [
            "endif"
        ],
        "else": [
            "else"
        ],
        "while": [
            "while"
        ],
        "return": [
            "return"
        ],
        "switch": [
            "switch"
        ],
        "case": [
            "case"
        ],
        "default": [
            "default"
        ],
        "==": [
            "=="
        ]
    },
    "follow": {
        "$accept": [],
        "program": [
            "$"
        ],
        "declaration_list": [
            "$",
            "void",
            "int"
        ],
        "declaration": [
            "$",
            "void",
            "int"
        ],
        "var_declaration": [
            "return",
            "while",
            "}",
            "(",
            "NUM",
            "if",
            "switch",
            "break",
            "{",
            "int",
            "output",
            "$",
            "void",
            "ID",
            ";"
        ],
        "arr_declaration": [
            "return",
            "while",
            "}",
            "(",
            "NUM",
            "if",
            "switch",
            "break",
            "{",
            "int",
            "output",
            "$",
            "void",
            "ID",
            ";"
        ],
        "type_specifier": [
            "ID"
        ],
        "fun_declaration": [
            "$",
            "void",
            "int"
        ],
        "params": [
            ")"
        ],
        "param_list": [
            ",",
            ")"
        ],
        "param": [
            ",",
            ")"
        ],
        "compound_stmt": [
            "return",
            "while",
            "}",
            "(",
            "NUM",
            "if",
            "switch",
            "break",
            "{",
            "case",
            "int",
            "else",
            "output",
            "$",
            "void",
            "ID",
            ";",
            "endif",
            "default"
        ],
        "local_declarations": [
            "return",
            "while",
            "}",
            "(",
            "NUM",
            "if",
            "switch",
            "break",
            "{",
            "int",
            "output",
            "void",
            "ID",
            ";"
        ],
        "statement_list": [
            "return",
            "while",
            "}",
            "(",
            "NUM",
            "if",
            "switch",
            "case",
            "break",
            "{",
            "output",
            "ID",
            ";",
            "default"
        ],
        "statement": [
            "return",
            "while",
            "}",
            "(",
            "NUM",
            "if",
            "switch",
            "break",
            "{",
            "case",
            "else",
            "output",
            "ID",
            ";",
            "endif",
            "default"
        ],
        "expression_stmt": [
            "return",
            "while",
            "}",
            "(",
            "NUM",
            "if",
            "switch",
            "break",
            "{",
            "case",
            "else",
            "output",
            "ID",
            ";",
            "endif",
            "default"
        ],
        "selection_stmt": [
            "return",
            "while",
            "}",
            "(",
            "NUM",
            "if",
            "switch",
            "break",
            "{",
            "case",
            "else",
            "output",
            "ID",
            ";",
            "endif",
            "default"
        ],
        "iteration_stmt": [
            "return",
            "while",
            "}",
            "(",
            "NUM",
            "if",
            "switch",
            "break",
            "{",
            "case",
            "else",
            "output",
            "ID",
            ";",
            "endif",
            "default"
        ],
        "return_stmt": [
            "return",
            "while",
            "}",
            "(",
            "NUM",
            "if",
            "switch",
            "break",
            "{",
            "case",
            "else",
            "output",
            "ID",
            ";",
            "endif",
            "default"
        ],
        "switch_stmt": [
            "return",
            "while",
            "}",
            "(",
            "NUM",
            "if",
            "switch",
            "break",
            "{",
            "case",
            "else",
            "output",
            "ID",
            ";",
            "endif",
            "default"
        ],
        "case_stmts": [
            "default",
            "}",
            "case"
        ],
        "case_stmt": [
            "default",
            "}",
            "case"
        ],
        "default_stmt": [
            "}"
        ],
        "expression": [
            ",",
            ")",
            "]",
            ";"
        ],
        "var": [
            "-",
            "=",
            ",",
            ")",
            "<",
            "+",
            "==",
            ";",
            "/",
            "]",
            "*"
        ],
        "simple_expression": [
            ",",
            ")",
            "]",
            ";"
        ],
        "additive_expression": [
            "-",
            "==",
            ";",
            ",",
            ")",
            "]",
            "<",
            "+"
        ],
        "term": [
            "-",
            "==",
            ";",
            ",",
            ")",
            "/",
            "]",
            "*",
            "<",
            "+"
        ],
        "factor": [
            "-",
            ",",
            ")",
            "<",
            "+",
            "==",
            ";",
            "/",
            "]",
            "*"
        ],
        "call": [
            "-",
            ",",
            ")",
            "<",
            "+",
            "==",
            ";",
            "/",
            "]",
            "*"
        ],
        "args": [
            ")"
        ],
        "arg_list": [
            ",",
            ")"
        ],
        "push_id": [
            "ID"
        ],
        "save_const": [
            "NUM"
        ],
        "save": [
            "return",
            "while",
            "}",
            "(",
            "NUM",
            "if",
            "switch",
            "break",
            "{",
            "case",
            "else",
            "output",
            "ID",
            ";",
            "default"
        ],
        "empty_cell": [
            "return",
            "while",
            "}",
            "(",
            "NUM",
            "if",
            "switch",
            "break",
            "{",
            "case",
            "int",
            "output",
            "void",
            "ID",
            ";",
            "default"
        ],
        "label": [
            "return",
            "while",
            "}",
            "(",
            "NUM",
            "if",
            "switch",
            "case",
            "break",
            "{",
            "output",
            "ID",
            ";",
            "default"
        ],
        "lt": [
            ",",
            ")",
            "]",
            ";"
        ],
        "add": [
            "-",
            "==",
            ";",
            ",",
            ")",
            "]",
            "<",
            "+"
        ],
        "div": [
            "-",
            ",",
            ")",
            "<",
            "+",
            "==",
            ";",
            "/",
            "]",
            "*"
        ],
        "eq": [
            ",",
            ")",
            "]",
            ";"
        ],
        "mult": [
            "-",
            ",",
            ")",
            "<",
            "+",
            "==",
            ";",
            "/",
            "]",
            "*"
        ],
        "sub": [
            "-",
            "==",
            ";",
            ",",
            ")",
            "]",
            "<",
            "+"
        ],
        "assign": [
            ",",
            ")",
            "]",
            ";"
        ],
        "assign_chain_inc": [
            "="
        ],
        "output": [
            "-",
            "(",
            ",",
            ")",
            "<",
            "+",
            "==",
            ";",
            "/",
            "]",
            "*"
        ],
        "start_scope": [
            "while",
            "(",
            "void",
            "if",
            "switch",
            "{",
            "int"
        ],
        "end_scope": [
            "return",
            "while",
            "}",
            "(",
            "NUM",
            "if",
            "switch",
            "break",
            "{",
            "case",
            "int",
            "else",
            "output",
            "$",
            "void",
            "ID",
            ";",
            "endif",
            "default"
        ],
        "ifelse": [
            "return",
            "while",
            "}",
            "(",
            "NUM",
            "if",
            "switch",
            "break",
            "{",
            "case",
            "else",
            "output",
            "ID",
            ";",
            "endif",
            "default"
        ],
        "if_block": [
            "return",
            "while",
            "}",
            "(",
            "NUM",
            "if",
            "switch",
            "break",
            "{",
            "case",
            "else",
            "output",
            "ID",
            ";",
            "endif",
            "default"
        ],
        "while_loop": [
            "return",
            "while",
            "}",
            "(",
            "NUM",
            "if",
            "switch",
            "break",
            "{",
            "case",
            "else",
            "output",
            "ID",
            ";",
            "endif",
            "default"
        ],
        "switch_block": [
            "return",
            "while",
            "}",
            "(",
            "NUM",
            "if",
            "switch",
            "break",
            "{",
            "case",
            "else",
            "output",
            "ID",
            ";",
            "endif",
            "default"
        ],
        "new_case": [
            "case"
        ],
        "break_stmt": [
            "return",
            "while",
            "}",
            "(",
            "NUM",
            "if",
            "switch",
            "break",
            "{",
            "case",
            "else",
            "output",
            "ID",
            ";",
            "endif",
            "default"
        ],
        "index_addr": [
            "-",
            "=",
            ",",
            ")",
            "<",
            "+",
            "==",
            ";",
            "/",
            "]",
            "*"
        ],
        "call_fun": [
            "-",
            ",",
            ")",
            "<",
            "+",
            "==",
            ";",
            "/",
            "]",
            "*"
        ],
        "declare_id": [
            "ID"
        ],
        "declare_type": [
            "void",
            "int"
        ],
        "declare_size": [
            "NUM"
        ],
        "declare_var": [
            ",",
            ")"
        ],
        "declare_arr": [
            ",",
            ")"
        ],
        "declare_var_init": [
            "return",
            "while",
            "}",
            "(",
            "NUM",
            "if",
            "switch",
            "break",
            "{",
            "int",
            "output",
            "$",
            "void",
            "ID",
            ";"
        ],
        "declare_arr_init": [
            "return",
            "while",
            "}",
            "(",
            "NUM",
            "if",
            "switch",
            "break",
            "{",
            "int",
            "output",
            "$",
            "void",
            "ID",
            ";"
        ],
        "declare_func": [
            "("
        ],
        "declare_address": [
            "("
        ],
        "call_args_start": [
            "output",
            "(",
            "ID",
            "NUM",
            ")"
        ],
        "new_call_arg": [
            ",",
            ")"
        ],
        "new_fun_arg": [
            ",",
            ")"
        ],
        "end_func": [
            "$",
            "void",
            "int"
        ],
        "return_void": [
            "return",
            "while",
            "}",
            "(",
            "NUM",
            "if",
            "switch",
            "break",
            "{",
            "case",
            "else",
            "output",
            "ID",
            ";",
            "endif",
            "default"
        ],
        "return_expr": [
            "return",
            "while",
            "}",
            "(",
            "NUM",
            "if",
            "switch",
            "break",
            "{",
            "case",
            "else",
            "output",
            "ID",
            ";",
            "endif",
            "default"
        ]
    },
    "grammar": {
        "0": [
            "$accept",
            "->",
            "program",
            "$"
        ],
        "1": [
            "program",
            "->",
            "empty_cell",
            "empty_cell",
            "start_scope",
            "declaration_list",
            "end_scope"
        ],
        "2": [
            "declaration_list",
            "->",
            "declaration_list",
            "declaration"
        ],
        "3": [
            "declaration_list",
            "->",
            "declaration"
        ],
        "4": [
            "declaration",
            "->",
            "var_declaration"
        ],
        "5": [
            "declaration",
            "->",
            "arr_declaration"
        ],
        "6": [
            "declaration",
            "->",
            "fun_declaration"
        ],
        "7": [
            "var_declaration",
            "->",
            "declare_type",
            "type_specifier",
            "declare_id",
            "ID",
            ";",
            "declare_var_init"
        ],
        "8": [
            "arr_declaration",
            "->",
            "declare_type",
            "type_specifier",
            "declare_id",
            "ID",
            "[",
            "declare_size",
            "NUM",
            "]",
            ";",
            "declare_arr_init"
        ],
        "9": [
            "type_specifier",
            "->",
            "int"
        ],
        "10": [
            "type_specifier",
            "->",
            "void"
        ],
        "11": [
            "fun_declaration",
            "->",
            "declare_type",
            "type_specifier",
            "declare_id",
            "ID",
            "declare_func",
            "declare_address",
            "start_scope",
            "(",
            "params",
            ")",
            "compound_stmt",
            "end_func",
            "end_scope"
        ],
        "12": [
            "params",
            "->",
            "declare_type",
            "void"
        ],
        "13": [
            "params",
            "->",
            "param_list"
        ],
        "14": [
            "param_list",
            "->",
            "param_list",
            ",",
            "declare_type",
            "param"
        ],
        "15": [
            "param_list",
            "->",
            "declare_type",
            "param"
        ],
        "16": [
            "param",
            "->",
            "int",
            "declare_id",
            "ID",
            "declare_var",
            "new_fun_arg"
        ],
        "17": [
            "param",
            "->",
            "int",
            "declare_id",
            "ID",
            "[",
            "]",
            "declare_arr",
            "new_fun_arg"
        ],
        "18": [
            "compound_stmt",
            "->",
            "{",
            "local_declarations",
            "statement_list",
            "}"
        ],
        "19": [
            "local_declarations",
            "->",
            "local_declarations",
            "var_declaration"
        ],
        "20": [
            "local_declarations",
            "->",
            "local_declarations",
            "arr_declaration"
        ],
        "21": [
            "local_declarations",
            "->",
            "epsilon"
        ],
        "22": [
            "statement_list",
            "->",
            "statement_list",
            "statement"
        ],
        "23": [
            "statement_list",
            "->",
            "epsilon"
        ],
        "24": [
            "statement",
            "->",
            "expression_stmt"
        ],
        "25": [
            "statement",
            "->",
            "start_scope",
            "compound_stmt",
            "end_scope"
        ],
        "26": [
            "statement",
            "->",
            "start_scope",
            "selection_stmt",
            "end_scope"
        ],
        "27": [
            "statement",
            "->",
            "start_scope",
            "iteration_stmt",
            "end_scope"
        ],
        "28": [
            "statement",
            "->",
            "return_stmt"
        ],
        "29": [
            "statement",
            "->",
            "start_scope",
            "switch_stmt",
            "end_scope"
        ],
        "30": [
            "expression_stmt",
            "->",
            "expression",
            ";"
        ],
        "31": [
            "expression_stmt",
            "->",
            "break",
            ";",
            "break_stmt"
        ],
        "32": [
            "expression_stmt",
            "->",
            ";"
        ],
        "33": [
            "selection_stmt",
            "->",
            "if",
            "(",
            "expression",
            ")",
            "save",
            "statement",
            "endif",
            "if_block"
        ],
        "34": [
            "selection_stmt",
            "->",
            "if",
            "(",
            "expression",
            ")",
            "save",
            "statement",
            "save",
            "else",
            "label",
            "statement",
            "endif",
            "ifelse"
        ],
        "35": [
            "iteration_stmt",
            "->",
            "while",
            "(",
            "label",
            "expression",
            ")",
            "save",
            "statement",
            "while_loop"
        ],
        "36": [
            "return_stmt",
            "->",
            "return",
            ";",
            "return_void"
        ],
        "37": [
            "return_stmt",
            "->",
            "return",
            "expression",
            ";",
            "return_expr"
        ],
        "38": [
            "switch_stmt",
            "->",
            "switch",
            "(",
            "expression",
            ")",
            "{",
            "case_stmts",
            "default_stmt",
            "}",
            "switch_block"
        ],
        "39": [
            "case_stmts",
            "->",
            "case_stmts",
            "case_stmt",
            "label"
        ],
        "40": [
            "case_stmts",
            "->",
            "epsilon"
        ],
        "41": [
            "case_stmt",
            "->",
            "new_case",
            "case",
            "save_const",
            "NUM",
            ":",
            "save",
            "empty_cell",
            "statement_list"
        ],
        "42": [
            "default_stmt",
            "->",
            "default",
            ":",
            "statement_list"
        ],
        "43": [
            "default_stmt",
            "->",
            "epsilon"
        ],
        "44": [
            "expression",
            "->",
            "var",
            "assign_chain_inc",
            "=",
            "expression",
            "assign"
        ],
        "45": [
            "expression",
            "->",
            "simple_expression"
        ],
        "46": [
            "var",
            "->",
            "push_id",
            "ID"
        ],
        "47": [
            "var",
            "->",
            "push_id",
            "ID",
            "[",
            "expression",
            "]",
            "index_addr"
        ],
        "48": [
            "simple_expression",
            "->",
            "additive_expression",
            "<",
            "additive_expression",
            "lt"
        ],
        "49": [
            "simple_expression",
            "->",
            "additive_expression",
            "==",
            "additive_expression",
            "eq"
        ],
        "50": [
            "simple_expression",
            "->",
            "additive_expression"
        ],
        "51": [
            "additive_expression",
            "->",
            "additive_expression",
            "+",
            "term",
            "add"
        ],
        "52": [
            "additive_expression",
            "->",
            "additive_expression",
            "-",
            "term",
            "sub"
        ],
        "53": [
            "additive_expression",
            "->",
            "term"
        ],
        "54": [
            "term",
            "->",
            "term",
            "*",
            "factor",
            "mult"
        ],
        "55": [
            "term",
            "->",
            "term",
            "/",
            "factor",
            "div"
        ],
        "56": [
            "term",
            "->",
            "factor"
        ],
        "57": [
            "factor",
            "->",
            "(",
            "expression",
            ")"
        ],
        "58": [
            "factor",
            "->",
            "var"
        ],
        "59": [
            "factor",
            "->",
            "call"
        ],
        "60": [
            "factor",
            "->",
            "save_const",
            "NUM"
        ],
        "61": [
            "call",
            "->",
            "output",
            "(",
            "expression",
            ")",
            "output"
        ],
        "62": [
            "call",
            "->",
            "push_id",
            "ID",
            "(",
            "call_args_start",
            "args",
            ")",
            "call_fun"
        ],
        "63": [
            "args",
            "->",
            "arg_list"
        ],
        "64": [
            "args",
            "->",
            "epsilon"
        ],
        "65": [
            "arg_list",
            "->",
            "arg_list",
            ",",
            "expression",
            "new_call_arg"
        ],
        "66": [
            "arg_list",
            "->",
            "expression",
            "new_call_arg"
        ],
        "67": [
            "push_id",
            "->",
            "epsilon"
        ],
        "68": [
            "save_const",
            "->",
            "epsilon"
        ],
        "69": [
            "save",
            "->",
            "epsilon"
        ],
        "70": [
            "empty_cell",
            "->",
            "epsilon"
        ],
        "71": [
            "label",
            "->",
            "epsilon"
        ],
        "72": [
            "lt",
            "->",
            "epsilon"
        ],
        "73": [
            "add",
            "->",
            "epsilon"
        ],
        "74": [
            "div",
            "->",
            "epsilon"
        ],
        "75": [
            "eq",
            "->",
            "epsilon"
        ],
        "76": [
            "mult",
            "->",
            "epsilon"
        ],
        "77": [
            "sub",
            "->",
            "epsilon"
        ],
        "78": [
            "assign",
            "->",
            "epsilon"
        ],
        "79": [
            "assign_chain_inc",
            "->",
            "epsilon"
        ],
        "80": [
            "output",
            "->",
            "epsilon"
        ],
        "81": [
            "start_scope",
            "->",
            "epsilon"
        ],
        "82": [
            "end_scope",
            "->",
            "epsilon"
        ],
        "83": [
            "ifelse",
            "->",
            "epsilon"
        ],
        "84": [
            "if_block",
            "->",
            "epsilon"
        ],
        "85": [
            "while_loop",
            "->",
            "epsilon"
        ],
        "86": [
            "switch_block",
            "->",
            "epsilon"
        ],
        "87": [
            "new_case",
            "->",
            "epsilon"
        ],
        "88": [
            "break_stmt",
            "->",
            "epsilon"
        ],
        "89": [
            "index_addr",
            "->",
            "epsilon"
        ],
        "90": [
            "call_fun",
            "->",
            "epsilon"
        ],
        "91": [
            "declare_id",
            "->",
            "epsilon"
        ],
        "92": [
            "declare_type",
            "->",
            "epsilon"
        ],
        "93": [
            "declare_size",
            "->",
            "epsilon"
        ],
        "94": [
            "declare_var",
            "->",
            "epsilon"
        ],
        "95": [
            "declare_arr",
            "->",
            "epsilon"
        ],
        "96": [
            "declare_var_init",
            "->",
            "epsilon"
        ],
        "97": [
            "declare_arr_init",
            "->",
            "epsilon"
        ],
        "98": [
            "declare_func",
            "->",
            "epsilon"
        ],
        "99": [
            "declare_address",
            "->",
            "epsilon"
        ],
        "100": [
            "call_args_start",
            "->",
            "epsilon"
        ],
        "101": [
            "new_call_arg",
            "->",
            "epsilon"
        ],
        "102": [
            "new_fun_arg",
            "->",
            "epsilon"
        ],
        "103": [
            "end_func",
            "->",
            "epsilon"
        ],
        "104": [
            "return_void",
            "->",
            "epsilon"
        ],
        "105": [
            "return_expr",
            "->",
            "epsilon"
        ]
    },
    "parse_table": {
        "0": {
            "program": "goto_1",
            "empty_cell": "goto_2",
            "return": "reduce_70",
            "while": "reduce_70",
            "}": "reduce_70",
            "(": "reduce_70",
            "NUM": "reduce_70",
            "if": "reduce_70",
            "switch": "reduce_70",
            "break": "reduce_70",
            "{": "reduce_70",
            "case": "reduce_70",
            "int": "reduce_70",
            "output": "reduce_70",
            "void": "reduce_70",
            "ID": "reduce_70",
            ";": "reduce_70",
            "default": "reduce_70"
        },
        "1": {
            "$": "shift_3"
        },
        "2": {
            "empty_cell": "goto_4",
            "return": "reduce_70",
            "while": "reduce_70",
            "}": "reduce_70",
            "(": "reduce_70",
            "NUM": "reduce_70",
            "if": "reduce_70",
            "switch": "reduce_70",
            "break": "reduce_70",
            "{": "reduce_70",
            "case": "reduce_70",
            "int": "reduce_70",
            "output": "reduce_70",
            "void": "reduce_70",
            "ID": "reduce_70",
            ";": "reduce_70",
            "default": "reduce_70"
        },
        "3": {
            "$": "accept"
        },
        "4": {
            "start_scope": "goto_5",
            "while": "reduce_81",
            "(": "reduce_81",
            "void": "reduce_81",
            "if": "reduce_81",
            "switch": "reduce_81",
            "{": "reduce_81",
            "int": "reduce_81"
        },
        "5": {
            "declaration_list": "goto_6",
            "declaration": "goto_7",
            "var_declaration": "goto_8",
            "arr_declaration": "goto_9",
            "fun_declaration": "goto_10",
            "declare_type": "goto_11",
            "void": "reduce_92",
            "int": "reduce_92"
        },
        "6": {
            "declaration": "goto_12",
            "var_declaration": "goto_8",
            "arr_declaration": "goto_9",
            "fun_declaration": "goto_10",
            "end_scope": "goto_13",
            "declare_type": "goto_11",
            "return": "reduce_82",
            "while": "reduce_82",
            "}": "reduce_82",
            "(": "reduce_82",
            "NUM": "reduce_82",
            "if": "reduce_82",
            "switch": "reduce_82",
            "break": "reduce_82",
            "{": "reduce_82",
            "case": "reduce_82",
            "int": "reduce_92",
            "else": "reduce_82",
            "output": "reduce_82",
            "$": "reduce_82",
            "void": "reduce_92",
            "ID": "reduce_82",
            ";": "reduce_82",
            "endif": "reduce_82",
            "default": "reduce_82"
        },
        "7": {
            "$": "reduce_3",
            "void": "reduce_3",
            "int": "reduce_3"
        },
        "8": {
            "$": "reduce_4",
            "void": "reduce_4",
            "int": "reduce_4"
        },
        "9": {
            "$": "reduce_5",
            "void": "reduce_5",
            "int": "reduce_5"
        },
        "10": {
            "$": "reduce_6",
            "void": "reduce_6",
            "int": "reduce_6"
        },
        "11": {
            "int": "shift_14",
            "void": "shift_15",
            "type_specifier": "goto_16"
        },
        "12": {
            "$": "reduce_2",
            "void": "reduce_2",
            "int": "reduce_2"
        },
        "13": {
            "$": "reduce_1"
        },
        "14": {
            "ID": "reduce_9"
        },
        "15": {
            "ID": "reduce_10"
        },
        "16": {
            "declare_id": "goto_17",
            "ID": "reduce_91"
        },
        "17": {
            "ID": "shift_18"
        },
        "18": {
            ";": "shift_19",
            "[": "shift_20",
            "declare_func": "goto_21",
            "(": "reduce_98"
        },
        "19": {
            "declare_var_init": "goto_22",
            "return": "reduce_96",
            "while": "reduce_96",
            "}": "reduce_96",
            "(": "reduce_96",
            "NUM": "reduce_96",
            "if": "reduce_96",
            "switch": "reduce_96",
            "break": "reduce_96",
            "{": "reduce_96",
            "int": "reduce_96",
            "output": "reduce_96",
            "$": "reduce_96",
            "void": "reduce_96",
            "ID": "reduce_96",
            ";": "reduce_96"
        },
        "20": {
            "declare_size": "goto_23",
            "NUM": "reduce_93"
        },
        "21": {
            "declare_address": "goto_24",
            "(": "reduce_99"
        },
        "22": {
            "return": "reduce_7",
            "while": "reduce_7",
            "}": "reduce_7",
            "(": "reduce_7",
            "NUM": "reduce_7",
            "if": "reduce_7",
            "switch": "reduce_7",
            "break": "reduce_7",
            "{": "reduce_7",
            "int": "reduce_7",
            "output": "reduce_7",
            "$": "reduce_7",
            "void": "reduce_7",
            "ID": "reduce_7",
            ";": "reduce_7"
        },
        "23": {
            "NUM": "shift_25"
        },
        "24": {
            "start_scope": "goto_26",
            "while": "reduce_81",
            "(": "reduce_81",
            "void": "reduce_81",
            "if": "reduce_81",
            "switch": "reduce_81",
            "{": "reduce_81",
            "int": "reduce_81"
        },
        "25": {
            "]": "shift_27"
        },
        "26": {
            "(": "shift_28"
        },
        "27": {
            ";": "shift_29"
        },
        "28": {
            "params": "goto_30",
            "param_list": "goto_31",
            "declare_type": "goto_32",
            "void": "reduce_92",
            "int": "reduce_92"
        },
        "29": {
            "declare_arr_init": "goto_33",
            "return": "reduce_97",
            "while": "reduce_97",
            "}": "reduce_97",
            "(": "reduce_97",
            "NUM": "reduce_97",
            "if": "reduce_97",
            "switch": "reduce_97",
            "break": "reduce_97",
            "{": "reduce_97",
            "int": "reduce_97",
            "output": "reduce_97",
            "$": "reduce_97",
            "void": "reduce_97",
            "ID": "reduce_97",
            ";": "reduce_97"
        },
        "30": {
            ")": "shift_34"
        },
        "31": {
            ",": "shift_35",
            ")": "reduce_13"
        },
        "32": {
            "int": "shift_36",
            "void": "shift_37",
            "param": "goto_38"
        },
        "33": {
            "return": "reduce_8",
            "while": "reduce_8",
            "}": "reduce_8",
            "(": "reduce_8",
            "NUM": "reduce_8",
            "if": "reduce_8",
            "switch": "reduce_8",
            "break": "reduce_8",
            "{": "reduce_8",
            "int": "reduce_8",
            "output": "reduce_8",
            "$": "reduce_8",
            "void": "reduce_8",
            "ID": "reduce_8",
            ";": "reduce_8"
        },
        "34": {
            "{": "shift_39",
            "compound_stmt": "goto_40"
        },
        "35": {
            "declare_type": "goto_41",
            "void": "reduce_92",
            "int": "reduce_92"
        },
        "36": {
            "declare_id": "goto_42",
            "ID": "reduce_91"
        },
        "37": {
            ")": "reduce_12"
        },
        "38": {
            ",": "reduce_15",
            ")": "reduce_15"
        },
        "39": {
            "local_declarations": "goto_43",
            "return": "reduce_21",
            "while": "reduce_21",
            "}": "reduce_21",
            "(": "reduce_21",
            "NUM": "reduce_21",
            "if": "reduce_21",
            "switch": "reduce_21",
            "break": "reduce_21",
            "{": "reduce_21",
            "int": "reduce_21",
            "output": "reduce_21",
            "void": "reduce_21",
            "ID": "reduce_21",
            ";": "reduce_21"
        },
        "40": {
            "end_func": "goto_44",
            "$": "reduce_103",
            "void": "reduce_103",
            "int": "reduce_103"
        },
        "41": {
            "int": "shift_36",
            "param": "goto_45"
        },
        "42": {
            "ID": "shift_46"
        },
        "43": {
            "var_declaration": "goto_47",
            "arr_declaration": "goto_48",
            "statement_list": "goto_49",
            "declare_type": "goto_50",
            "void": "reduce_92",
            "int": "reduce_92",
            "return": "reduce_23",
            "while": "reduce_23",
            "}": "reduce_23",
            "(": "reduce_23",
            "NUM": "reduce_23",
            "if": "reduce_23",
            "switch": "reduce_23",
            "case": "reduce_23",
            "break": "reduce_23",
            "{": "reduce_23",
            "output": "reduce_23",
            "ID": "reduce_23",
            ";": "reduce_23",
            "default": "reduce_23"
        },
        "44": {
            "end_scope": "goto_51",
            "return": "reduce_82",
            "while": "reduce_82",
            "}": "reduce_82",
            "(": "reduce_82",
            "NUM": "reduce_82",
            "if": "reduce_82",
            "switch": "reduce_82",
            "break": "reduce_82",
            "{": "reduce_82",
            "case": "reduce_82",
            "int": "reduce_82",
            "else": "reduce_82",
            "output": "reduce_82",
            "$": "reduce_82",
            "void": "reduce_82",
            "ID": "reduce_82",
            ";": "reduce_82",
            "endif": "reduce_82",
            "default": "reduce_82"
        },
        "45": {
            ",": "reduce_14",
            ")": "reduce_14"
        },
        "46": {
            "[": "shift_52",
            "declare_var": "goto_53",
            ",": "reduce_94",
            ")": "reduce_94"
        },
        "47": {
            "return": "reduce_19",
            "while": "reduce_19",
            "}": "reduce_19",
            "(": "reduce_19",
            "NUM": "reduce_19",
            "if": "reduce_19",
            "switch": "reduce_19",
            "break": "reduce_19",
            "{": "reduce_19",
            "int": "reduce_19",
            "output": "reduce_19",
            "void": "reduce_19",
            "ID": "reduce_19",
            ";": "reduce_19"
        },
        "48": {
            "return": "reduce_20",
            "while": "reduce_20",
            "}": "reduce_20",
            "(": "reduce_20",
            "NUM": "reduce_20",
            "if": "reduce_20",
            "switch": "reduce_20",
            "break": "reduce_20",
            "{": "reduce_20",
            "int": "reduce_20",
            "output": "reduce_20",
            "void": "reduce_20",
            "ID": "reduce_20",
            ";": "reduce_20"
        },
        "49": {
            ";": "shift_54",
            "(": "reduce_81",
            "}": "shift_56",
            "break": "shift_57",
            "return": "shift_58",
            "output": "shift_59",
            "statement": "goto_60",
            "expression_stmt": "goto_61",
            "return_stmt": "goto_62",
            "expression": "goto_63",
            "var": "goto_64",
            "simple_expression": "goto_65",
            "additive_expression": "goto_66",
            "term": "goto_67",
            "factor": "goto_68",
            "call": "goto_69",
            "push_id": "goto_70",
            "save_const": "goto_71",
            "start_scope": "goto_72",
            "NUM": "reduce_68",
            "ID": "reduce_67",
            "while": "reduce_81",
            "void": "reduce_81",
            "if": "reduce_81",
            "switch": "reduce_81",
            "{": "reduce_81",
            "int": "reduce_81"
        },
        "50": {
            "int": "shift_14",
            "void": "shift_15",
            "type_specifier": "goto_73"
        },
        "51": {
            "$": "reduce_11",
            "void": "reduce_11",
            "int": "reduce_11"
        },
        "52": {
            "]": "shift_74"
        },
        "53": {
            "new_fun_arg": "goto_75",
            ",": "reduce_102",
            ")": "reduce_102"
        },
        "54": {
            "return": "reduce_32",
            "while": "reduce_32",
            "}": "reduce_32",
            "(": "reduce_32",
            "NUM": "reduce_32",
            "if": "reduce_32",
            "switch": "reduce_32",
            "break": "reduce_32",
            "{": "reduce_32",
            "case": "reduce_32",
            "else": "reduce_32",
            "output": "reduce_32",
            "ID": "reduce_32",
            ";": "reduce_32",
            "endif": "reduce_32",
            "default": "reduce_32"
        },
        "55": {
            "(": "shift_55",
            "output": "shift_59",
            "expression": "goto_76",
            "var": "goto_64",
            "simple_expression": "goto_65",
            "additive_expression": "goto_66",
            "term": "goto_67",
            "factor": "goto_68",
            "call": "goto_69",
            "push_id": "goto_70",
            "save_const": "goto_71",
            "NUM": "reduce_68",
            "ID": "reduce_67"
        },
        "56": {
            "return": "reduce_18",
            "while": "reduce_18",
            "}": "reduce_18",
            "(": "reduce_18",
            "NUM": "reduce_18",
            "if": "reduce_18",
            "switch": "reduce_18",
            "break": "reduce_18",
            "{": "reduce_18",
            "case": "reduce_18",
            "int": "reduce_18",
            "else": "reduce_18",
            "output": "reduce_18",
            "$": "reduce_18",
            "void": "reduce_18",
            "ID": "reduce_18",
            ";": "reduce_18",
            "endif": "reduce_18",
            "default": "reduce_18"
        },
        "57": {
            ";": "shift_77"
        },
        "58": {
            ";": "shift_78",
            "(": "shift_55",
            "output": "shift_59",
            "expression": "goto_79",
            "var": "goto_64",
            "simple_expression": "goto_65",
            "additive_expression": "goto_66",
            "term": "goto_67",
            "factor": "goto_68",
            "call": "goto_69",
            "push_id": "goto_70",
            "save_const": "goto_71",
            "NUM": "reduce_68",
            "ID": "reduce_67"
        },
        "59": {
            "(": "shift_80"
        },
        "60": {
            "return": "reduce_22",
            "while": "reduce_22",
            "}": "reduce_22",
            "(": "reduce_22",
            "NUM": "reduce_22",
            "if": "reduce_22",
            "switch": "reduce_22",
            "case": "reduce_22",
            "break": "reduce_22",
            "{": "reduce_22",
            "output": "reduce_22",
            "ID": "reduce_22",
            ";": "reduce_22",
            "default": "reduce_22"
        },
        "61": {
            "return": "reduce_24",
            "while": "reduce_24",
            "}": "reduce_24",
            "(": "reduce_24",
            "NUM": "reduce_24",
            "if": "reduce_24",
            "switch": "reduce_24",
            "break": "reduce_24",
            "{": "reduce_24",
            "case": "reduce_24",
            "else": "reduce_24",
            "output": "reduce_24",
            "ID": "reduce_24",
            ";": "reduce_24",
            "endif": "reduce_24",
            "default": "reduce_24"
        },
        "62": {
            "return": "reduce_28",
            "while": "reduce_28",
            "}": "reduce_28",
            "(": "reduce_28",
            "NUM": "reduce_28",
            "if": "reduce_28",
            "switch": "reduce_28",
            "break": "reduce_28",
            "{": "reduce_28",
            "case": "reduce_28",
            "else": "reduce_28",
            "output": "reduce_28",
            "ID": "reduce_28",
            ";": "reduce_28",
            "endif": "reduce_28",
            "default": "reduce_28"
        },
        "63": {
            ";": "shift_81"
        },
        "64": {
            "assign_chain_inc": "goto_82",
            "=": "reduce_79",
            "-": "reduce_58",
            ",": "reduce_58",
            ")": "reduce_58",
            "<": "reduce_58",
            "+": "reduce_58",
            "==": "reduce_58",
            ";": "reduce_58",
            "/": "reduce_58",
            "]": "reduce_58",
            "*": "reduce_58"
        },
        "65": {
            ",": "reduce_45",
            ")": "reduce_45",
            "]": "reduce_45",
            ";": "reduce_45"
        },
        "66": {
            "<": "shift_83",
            "==": "shift_84",
            "+": "shift_85",
            "-": "shift_86",
            ",": "reduce_50",
            ")": "reduce_50",
            "]": "reduce_50",
            ";": "reduce_50"
        },
        "67": {
            "*": "shift_87",
            "/": "shift_88",
            "-": "reduce_53",
            "==": "reduce_53",
            ";": "reduce_53",
            ",": "reduce_53",
            ")": "reduce_53",
            "]": "reduce_53",
            "<": "reduce_53",
            "+": "reduce_53"
        },
        "68": {
            "-": "reduce_56",
            "==": "reduce_56",
            ";": "reduce_56",
            ",": "reduce_56",
            ")": "reduce_56",
            "/": "reduce_56",
            "]": "reduce_56",
            "*": "reduce_56",
            "<": "reduce_56",
            "+": "reduce_56"
        },
        "69": {
            "-": "reduce_59",
            ",": "reduce_59",
            ")": "reduce_59",
            "<": "reduce_59",
            "+": "reduce_59",
            "==": "reduce_59",
            ";": "reduce_59",
            "/": "reduce_59",
            "]": "reduce_59",
            "*": "reduce_59"
        },
        "70": {
            "ID": "shift_89"
        },
        "71": {
            "NUM": "shift_90"
        },
        "72": {
            "{": "shift_39",
            "if": "shift_91",
            "while": "shift_92",
            "switch": "shift_93",
            "compound_stmt": "goto_94",
            "selection_stmt": "goto_95",
            "iteration_stmt": "goto_96",
            "switch_stmt": "goto_97"
        },
        "73": {
            "declare_id": "goto_98",
            "ID": "reduce_91"
        },
        "74": {
            "declare_arr": "goto_99",
            ",": "reduce_95",
            ")": "reduce_95"
        },
        "75": {
            ",": "reduce_16",
            ")": "reduce_16"
        },
        "76": {
            ")": "shift_100"
        },
        "77": {
            "break_stmt": "goto_101",
            "return": "reduce_88",
            "while": "reduce_88",
            "}": "reduce_88",
            "(": "reduce_88",
            "NUM": "reduce_88",
            "if": "reduce_88",
            "switch": "reduce_88",
            "break": "reduce_88",
            "{": "reduce_88",
            "case": "reduce_88",
            "else": "reduce_88",
            "output": "reduce_88",
            "ID": "reduce_88",
            ";": "reduce_88",
            "endif": "reduce_88",
            "default": "reduce_88"
        },
        "78": {
            "return_void": "goto_102",
            "return": "reduce_104",
            "while": "reduce_104",
            "}": "reduce_104",
            "(": "reduce_104",
            "NUM": "reduce_104",
            "if": "reduce_104",
            "switch": "reduce_104",
            "break": "reduce_104",
            "{": "reduce_104",
            "case": "reduce_104",
            "else": "reduce_104",
            "output": "reduce_104",
            "ID": "reduce_104",
            ";": "reduce_104",
            "endif": "reduce_104",
            "default": "reduce_104"
        },
        "79": {
            ";": "shift_103"
        },
        "80": {
            "(": "shift_55",
            "output": "shift_59",
            "expression": "goto_104",
            "var": "goto_64",
            "simple_expression": "goto_65",
            "additive_expression": "goto_66",
            "term": "goto_67",
            "factor": "goto_68",
            "call": "goto_69",
            "push_id": "goto_70",
            "save_const": "goto_71",
            "NUM": "reduce_68",
            "ID": "reduce_67"
        },
        "81": {
            "return": "reduce_30",
            "while": "reduce_30",
            "}": "reduce_30",
            "(": "reduce_30",
            "NUM": "reduce_30",
            "if": "reduce_30",
            "switch": "reduce_30",
            "break": "reduce_30",
            "{": "reduce_30",
            "case": "reduce_30",
            "else": "reduce_30",
            "output": "reduce_30",
            "ID": "reduce_30",
            ";": "reduce_30",
            "endif": "reduce_30",
            "default": "reduce_30"
        },
        "82": {
            "=": "shift_105"
        },
        "83": {
            "(": "shift_55",
            "output": "shift_59",
            "var": "goto_106",
            "additive_expression": "goto_107",
            "term": "goto_67",
            "factor": "goto_68",
            "call": "goto_69",
            "push_id": "goto_70",
            "save_const": "goto_71",
            "NUM": "reduce_68",
            "ID": "reduce_67"
        },
        "84": {
            "(": "shift_55",
            "output": "shift_59",
            "var": "goto_106",
            "additive_expression": "goto_108",
            "term": "goto_67",
            "factor": "goto_68",
            "call": "goto_69",
            "push_id": "goto_70",
            "save_const": "goto_71",
            "NUM": "reduce_68",
            "ID": "reduce_67"
        },
        "85": {
            "(": "shift_55",
            "output": "shift_59",
            "var": "goto_106",
            "term": "goto_109",
            "factor": "goto_68",
            "call": "goto_69",
            "push_id": "goto_70",
            "save_const": "goto_71",
            "NUM": "reduce_68",
            "ID": "reduce_67"
        },
        "86": {
            "(": "shift_55",
            "output": "shift_59",
            "var": "goto_106",
            "term": "goto_110",
            "factor": "goto_68",
            "call": "goto_69",
            "push_id": "goto_70",
            "save_const": "goto_71",
            "NUM": "reduce_68",
            "ID": "reduce_67"
        },
        "87": {
            "(": "shift_55",
            "output": "shift_59",
            "var": "goto_106",
            "factor": "goto_111",
            "call": "goto_69",
            "push_id": "goto_70",
            "save_const": "goto_71",
            "NUM": "reduce_68",
            "ID": "reduce_67"
        },
        "88": {
            "(": "shift_55",
            "output": "shift_59",
            "var": "goto_106",
            "factor": "goto_112",
            "call": "goto_69",
            "push_id": "goto_70",
            "save_const": "goto_71",
            "NUM": "reduce_68",
            "ID": "reduce_67"
        },
        "89": {
            "[": "shift_113",
            "(": "shift_114",
            "-": "reduce_46",
            "=": "reduce_46",
            ",": "reduce_46",
            ")": "reduce_46",
            "<": "reduce_46",
            "+": "reduce_46",
            "==": "reduce_46",
            ";": "reduce_46",
            "/": "reduce_46",
            "]": "reduce_46",
            "*": "reduce_46"
        },
        "90": {
            "-": "reduce_60",
            ",": "reduce_60",
            ")": "reduce_60",
            "<": "reduce_60",
            "+": "reduce_60",
            "==": "reduce_60",
            ";": "reduce_60",
            "/": "reduce_60",
            "]": "reduce_60",
            "*": "reduce_60"
        },
        "91": {
            "(": "shift_115"
        },
        "92": {
            "(": "shift_116"
        },
        "93": {
            "(": "shift_117"
        },
        "94": {
            "end_scope": "goto_118",
            "return": "reduce_82",
            "while": "reduce_82",
            "}": "reduce_82",
            "(": "reduce_82",
            "NUM": "reduce_82",
            "if": "reduce_82",
            "switch": "reduce_82",
            "break": "reduce_82",
            "{": "reduce_82",
            "case": "reduce_82",
            "int": "reduce_82",
            "else": "reduce_82",
            "output": "reduce_82",
            "$": "reduce_82",
            "void": "reduce_82",
            "ID": "reduce_82",
            ";": "reduce_82",
            "endif": "reduce_82",
            "default": "reduce_82"
        },
        "95": {
            "end_scope": "goto_119",
            "return": "reduce_82",
            "while": "reduce_82",
            "}": "reduce_82",
            "(": "reduce_82",
            "NUM": "reduce_82",
            "if": "reduce_82",
            "switch": "reduce_82",
            "break": "reduce_82",
            "{": "reduce_82",
            "case": "reduce_82",
            "int": "reduce_82",
            "else": "reduce_82",
            "output": "reduce_82",
            "$": "reduce_82",
            "void": "reduce_82",
            "ID": "reduce_82",
            ";": "reduce_82",
            "endif": "reduce_82",
            "default": "reduce_82"
        },
        "96": {
            "end_scope": "goto_120",
            "return": "reduce_82",
            "while": "reduce_82",
            "}": "reduce_82",
            "(": "reduce_82",
            "NUM": "reduce_82",
            "if": "reduce_82",
            "switch": "reduce_82",
            "break": "reduce_82",
            "{": "reduce_82",
            "case": "reduce_82",
            "int": "reduce_82",
            "else": "reduce_82",
            "output": "reduce_82",
            "$": "reduce_82",
            "void": "reduce_82",
            "ID": "reduce_82",
            ";": "reduce_82",
            "endif": "reduce_82",
            "default": "reduce_82"
        },
        "97": {
            "end_scope": "goto_121",
            "return": "reduce_82",
            "while": "reduce_82",
            "}": "reduce_82",
            "(": "reduce_82",
            "NUM": "reduce_82",
            "if": "reduce_82",
            "switch": "reduce_82",
            "break": "reduce_82",
            "{": "reduce_82",
            "case": "reduce_82",
            "int": "reduce_82",
            "else": "reduce_82",
            "output": "reduce_82",
            "$": "reduce_82",
            "void": "reduce_82",
            "ID": "reduce_82",
            ";": "reduce_82",
            "endif": "reduce_82",
            "default": "reduce_82"
        },
        "98": {
            "ID": "shift_122"
        },
        "99": {
            "new_fun_arg": "goto_123",
            ",": "reduce_102",
            ")": "reduce_102"
        },
        "100": {
            "-": "reduce_57",
            ",": "reduce_57",
            ")": "reduce_57",
            "<": "reduce_57",
            "+": "reduce_57",
            "==": "reduce_57",
            ";": "reduce_57",
            "/": "reduce_57",
            "]": "reduce_57",
            "*": "reduce_57"
        },
        "101": {
            "return": "reduce_31",
            "while": "reduce_31",
            "}": "reduce_31",
            "(": "reduce_31",
            "NUM": "reduce_31",
            "if": "reduce_31",
            "switch": "reduce_31",
            "break": "reduce_31",
            "{": "reduce_31",
            "case": "reduce_31",
            "else": "reduce_31",
            "output": "reduce_31",
            "ID": "reduce_31",
            ";": "reduce_31",
            "endif": "reduce_31",
            "default": "reduce_31"
        },
        "102": {
            "return": "reduce_36",
            "while": "reduce_36",
            "}": "reduce_36",
            "(": "reduce_36",
            "NUM": "reduce_36",
            "if": "reduce_36",
            "switch": "reduce_36",
            "break": "reduce_36",
            "{": "reduce_36",
            "case": "reduce_36",
            "else": "reduce_36",
            "output": "reduce_36",
            "ID": "reduce_36",
            ";": "reduce_36",
            "endif": "reduce_36",
            "default": "reduce_36"
        },
        "103": {
            "return_expr": "goto_124",
            "return": "reduce_105",
            "while": "reduce_105",
            "}": "reduce_105",
            "(": "reduce_105",
            "NUM": "reduce_105",
            "if": "reduce_105",
            "switch": "reduce_105",
            "break": "reduce_105",
            "{": "reduce_105",
            "case": "reduce_105",
            "else": "reduce_105",
            "output": "reduce_105",
            "ID": "reduce_105",
            ";": "reduce_105",
            "endif": "reduce_105",
            "default": "reduce_105"
        },
        "104": {
            ")": "shift_125"
        },
        "105": {
            "(": "shift_55",
            "output": "shift_59",
            "expression": "goto_126",
            "var": "goto_64",
            "simple_expression": "goto_65",
            "additive_expression": "goto_66",
            "term": "goto_67",
            "factor": "goto_68",
            "call": "goto_69",
            "push_id": "goto_70",
            "save_const": "goto_71",
            "NUM": "reduce_68",
            "ID": "reduce_67"
        },
        "106": {
            "-": "reduce_58",
            ",": "reduce_58",
            ")": "reduce_58",
            "<": "reduce_58",
            "+": "reduce_58",
            "==": "reduce_58",
            ";": "reduce_58",
            "/": "reduce_58",
            "]": "reduce_58",
            "*": "reduce_58"
        },
        "107": {
            "+": "shift_85",
            "-": "shift_86",
            "lt": "goto_127",
            ",": "reduce_72",
            ")": "reduce_72",
            "]": "reduce_72",
            ";": "reduce_72"
        },
        "108": {
            "+": "shift_85",
            "-": "shift_86",
            "eq": "goto_128",
            ",": "reduce_75",
            ")": "reduce_75",
            "]": "reduce_75",
            ";": "reduce_75"
        },
        "109": {
            "*": "shift_87",
            "/": "shift_88",
            "add": "goto_129",
            "-": "reduce_73",
            "==": "reduce_73",
            ";": "reduce_73",
            ",": "reduce_73",
            ")": "reduce_73",
            "]": "reduce_73",
            "<": "reduce_73",
            "+": "reduce_73"
        },
        "110": {
            "*": "shift_87",
            "/": "shift_88",
            "sub": "goto_130",
            "-": "reduce_77",
            "==": "reduce_77",
            ";": "reduce_77",
            ",": "reduce_77",
            ")": "reduce_77",
            "]": "reduce_77",
            "<": "reduce_77",
            "+": "reduce_77"
        },
        "111": {
            "mult": "goto_131",
            "-": "reduce_76",
            ",": "reduce_76",
            ")": "reduce_76",
            "<": "reduce_76",
            "+": "reduce_76",
            "==": "reduce_76",
            ";": "reduce_76",
            "/": "reduce_76",
            "]": "reduce_76",
            "*": "reduce_76"
        },
        "112": {
            "div": "goto_132",
            "-": "reduce_74",
            ",": "reduce_74",
            ")": "reduce_74",
            "<": "reduce_74",
            "+": "reduce_74",
            "==": "reduce_74",
            ";": "reduce_74",
            "/": "reduce_74",
            "]": "reduce_74",
            "*": "reduce_74"
        },
        "113": {
            "(": "shift_55",
            "output": "shift_59",
            "expression": "goto_133",
            "var": "goto_64",
            "simple_expression": "goto_65",
            "additive_expression": "goto_66",
            "term": "goto_67",
            "factor": "goto_68",
            "call": "goto_69",
            "push_id": "goto_70",
            "save_const": "goto_71",
            "NUM": "reduce_68",
            "ID": "reduce_67"
        },
        "114": {
            "call_args_start": "goto_134",
            "output": "reduce_100",
            "(": "reduce_100",
            "ID": "reduce_100",
            "NUM": "reduce_100",
            ")": "reduce_100"
        },
        "115": {
            "(": "shift_55",
            "output": "shift_59",
            "expression": "goto_135",
            "var": "goto_64",
            "simple_expression": "goto_65",
            "additive_expression": "goto_66",
            "term": "goto_67",
            "factor": "goto_68",
            "call": "goto_69",
            "push_id": "goto_70",
            "save_const": "goto_71",
            "NUM": "reduce_68",
            "ID": "reduce_67"
        },
        "116": {
            "label": "goto_136",
            "return": "reduce_71",
            "while": "reduce_71",
            "}": "reduce_71",
            "(": "reduce_71",
            "NUM": "reduce_71",
            "if": "reduce_71",
            "switch": "reduce_71",
            "case": "reduce_71",
            "break": "reduce_71",
            "{": "reduce_71",
            "output": "reduce_71",
            "ID": "reduce_71",
            ";": "reduce_71",
            "default": "reduce_71"
        },
        "117": {
            "(": "shift_55",
            "output": "shift_59",
            "expression": "goto_137",
            "var": "goto_64",
            "simple_expression": "goto_65",
            "additive_expression": "goto_66",
            "term": "goto_67",
            "factor": "goto_68",
            "call": "goto_69",
            "push_id": "goto_70",
            "save_const": "goto_71",
            "NUM": "reduce_68",
            "ID": "reduce_67"
        },
        "118": {
            "return": "reduce_25",
            "while": "reduce_25",
            "}": "reduce_25",
            "(": "reduce_25",
            "NUM": "reduce_25",
            "if": "reduce_25",
            "switch": "reduce_25",
            "break": "reduce_25",
            "{": "reduce_25",
            "case": "reduce_25",
            "else": "reduce_25",
            "output": "reduce_25",
            "ID": "reduce_25",
            ";": "reduce_25",
            "endif": "reduce_25",
            "default": "reduce_25"
        },
        "119": {
            "return": "reduce_26",
            "while": "reduce_26",
            "}": "reduce_26",
            "(": "reduce_26",
            "NUM": "reduce_26",
            "if": "reduce_26",
            "switch": "reduce_26",
            "break": "reduce_26",
            "{": "reduce_26",
            "case": "reduce_26",
            "else": "reduce_26",
            "output": "reduce_26",
            "ID": "reduce_26",
            ";": "reduce_26",
            "endif": "reduce_26",
            "default": "reduce_26"
        },
        "120": {
            "return": "reduce_27",
            "while": "reduce_27",
            "}": "reduce_27",
            "(": "reduce_27",
            "NUM": "reduce_27",
            "if": "reduce_27",
            "switch": "reduce_27",
            "break": "reduce_27",
            "{": "reduce_27",
            "case": "reduce_27",
            "else": "reduce_27",
            "output": "reduce_27",
            "ID": "reduce_27",
            ";": "reduce_27",
            "endif": "reduce_27",
            "default": "reduce_27"
        },
        "121": {
            "return": "reduce_29",
            "while": "reduce_29",
            "}": "reduce_29",
            "(": "reduce_29",
            "NUM": "reduce_29",
            "if": "reduce_29",
            "switch": "reduce_29",
            "break": "reduce_29",
            "{": "reduce_29",
            "case": "reduce_29",
            "else": "reduce_29",
            "output": "reduce_29",
            "ID": "reduce_29",
            ";": "reduce_29",
            "endif": "reduce_29",
            "default": "reduce_29"
        },
        "122": {
            ";": "shift_19",
            "[": "shift_20"
        },
        "123": {
            ",": "reduce_17",
            ")": "reduce_17"
        },
        "124": {
            "return": "reduce_37",
            "while": "reduce_37",
            "}": "reduce_37",
            "(": "reduce_37",
            "NUM": "reduce_37",
            "if": "reduce_37",
            "switch": "reduce_37",
            "break": "reduce_37",
            "{": "reduce_37",
            "case": "reduce_37",
            "else": "reduce_37",
            "output": "reduce_37",
            "ID": "reduce_37",
            ";": "reduce_37",
            "endif": "reduce_37",
            "default": "reduce_37"
        },
        "125": {
            "output": "goto_138",
            "-": "reduce_80",
            "(": "reduce_80",
            ",": "reduce_80",
            ")": "reduce_80",
            "<": "reduce_80",
            "+": "reduce_80",
            "==": "reduce_80",
            ";": "reduce_80",
            "/": "reduce_80",
            "]": "reduce_80",
            "*": "reduce_80"
        },
        "126": {
            "assign": "goto_139",
            ",": "reduce_78",
            ")": "reduce_78",
            "]": "reduce_78",
            ";": "reduce_78"
        },
        "127": {
            ",": "reduce_48",
            ")": "reduce_48",
            "]": "reduce_48",
            ";": "reduce_48"
        },
        "128": {
            ",": "reduce_49",
            ")": "reduce_49",
            "]": "reduce_49",
            ";": "reduce_49"
        },
        "129": {
            "-": "reduce_51",
            "==": "reduce_51",
            ";": "reduce_51",
            ",": "reduce_51",
            ")": "reduce_51",
            "]": "reduce_51",
            "<": "reduce_51",
            "+": "reduce_51"
        },
        "130": {
            "-": "reduce_52",
            "==": "reduce_52",
            ";": "reduce_52",
            ",": "reduce_52",
            ")": "reduce_52",
            "]": "reduce_52",
            "<": "reduce_52",
            "+": "reduce_52"
        },
        "131": {
            "-": "reduce_54",
            "==": "reduce_54",
            ";": "reduce_54",
            ",": "reduce_54",
            ")": "reduce_54",
            "/": "reduce_54",
            "]": "reduce_54",
            "*": "reduce_54",
            "<": "reduce_54",
            "+": "reduce_54"
        },
        "132": {
            "-": "reduce_55",
            "==": "reduce_55",
            ";": "reduce_55",
            ",": "reduce_55",
            ")": "reduce_55",
            "/": "reduce_55",
            "]": "reduce_55",
            "*": "reduce_55",
            "<": "reduce_55",
            "+": "reduce_55"
        },
        "133": {
            "]": "shift_140"
        },
        "134": {
            "(": "shift_55",
            "output": "shift_59",
            "expression": "goto_141",
            "var": "goto_64",
            "simple_expression": "goto_65",
            "additive_expression": "goto_66",
            "term": "goto_67",
            "factor": "goto_68",
            "call": "goto_69",
            "args": "goto_142",
            "arg_list": "goto_143",
            "push_id": "goto_70",
            "save_const": "goto_71",
            "NUM": "reduce_68",
            "ID": "reduce_67",
            ")": "reduce_64"
        },
        "135": {
            ")": "shift_144"
        },
        "136": {
            "(": "shift_55",
            "output": "shift_59",
            "expression": "goto_145",
            "var": "goto_64",
            "simple_expression": "goto_65",
            "additive_expression": "goto_66",
            "term": "goto_67",
            "factor": "goto_68",
            "call": "goto_69",
            "push_id": "goto_70",
            "save_const": "goto_71",
            "NUM": "reduce_68",
            "ID": "reduce_67"
        },
        "137": {
            ")": "shift_146"
        },
        "138": {
            "-": "reduce_61",
            ",": "reduce_61",
            ")": "reduce_61",
            "<": "reduce_61",
            "+": "reduce_61",
            "==": "reduce_61",
            ";": "reduce_61",
            "/": "reduce_61",
            "]": "reduce_61",
            "*": "reduce_61"
        },
        "139": {
            ",": "reduce_44",
            ")": "reduce_44",
            "]": "reduce_44",
            ";": "reduce_44"
        },
        "140": {
            "index_addr": "goto_147",
            "-": "reduce_89",
            "=": "reduce_89",
            ",": "reduce_89",
            ")": "reduce_89",
            "<": "reduce_89",
            "+": "reduce_89",
            "==": "reduce_89",
            ";": "reduce_89",
            "/": "reduce_89",
            "]": "reduce_89",
            "*": "reduce_89"
        },
        "141": {
            "new_call_arg": "goto_148",
            ",": "reduce_101",
            ")": "reduce_101"
        },
        "142": {
            ")": "shift_149"
        },
        "143": {
            ",": "shift_150",
            ")": "reduce_63"
        },
        "144": {
            "save": "goto_151",
            "return": "reduce_69",
            "while": "reduce_69",
            "}": "reduce_69",
            "(": "reduce_69",
            "NUM": "reduce_69",
            "if": "reduce_69",
            "switch": "reduce_69",
            "break": "reduce_69",
            "{": "reduce_69",
            "case": "reduce_69",
            "else": "reduce_69",
            "output": "reduce_69",
            "ID": "reduce_69",
            ";": "reduce_69",
            "default": "reduce_69"
        },
        "145": {
            ")": "shift_152"
        },
        "146": {
            "{": "shift_153"
        },
        "147": {
            "-": "reduce_47",
            "=": "reduce_47",
            ",": "reduce_47",
            ")": "reduce_47",
            "<": "reduce_47",
            "+": "reduce_47",
            "==": "reduce_47",
            ";": "reduce_47",
            "/": "reduce_47",
            "]": "reduce_47",
            "*": "reduce_47"
        },
        "148": {
            ",": "reduce_66",
            ")": "reduce_66"
        },
        "149": {
            "call_fun": "goto_154",
            "-": "reduce_90",
            ",": "reduce_90",
            ")": "reduce_90",
            "<": "reduce_90",
            "+": "reduce_90",
            "==": "reduce_90",
            ";": "reduce_90",
            "/": "reduce_90",
            "]": "reduce_90",
            "*": "reduce_90"
        },
        "150": {
            "(": "shift_55",
            "output": "shift_59",
            "expression": "goto_155",
            "var": "goto_64",
            "simple_expression": "goto_65",
            "additive_expression": "goto_66",
            "term": "goto_67",
            "factor": "goto_68",
            "call": "goto_69",
            "push_id": "goto_70",
            "save_const": "goto_71",
            "NUM": "reduce_68",
            "ID": "reduce_67"
        },
        "151": {
            ";": "shift_54",
            "(": "reduce_81",
            "break": "shift_57",
            "return": "shift_58",
            "output": "shift_59",
            "statement": "goto_156",
            "expression_stmt": "goto_61",
            "return_stmt": "goto_62",
            "expression": "goto_63",
            "var": "goto_64",
            "simple_expression": "goto_65",
            "additive_expression": "goto_66",
            "term": "goto_67",
            "factor": "goto_68",
            "call": "goto_69",
            "push_id": "goto_70",
            "save_const": "goto_71",
            "start_scope": "goto_72",
            "NUM": "reduce_68",
            "ID": "reduce_67",
            "while": "reduce_81",
            "void": "reduce_81",
            "if": "reduce_81",
            "switch": "reduce_81",
            "{": "reduce_81",
            "int": "reduce_81"
        },
        "152": {
            "save": "goto_157",
            "return": "reduce_69",
            "while": "reduce_69",
            "}": "reduce_69",
            "(": "reduce_69",
            "NUM": "reduce_69",
            "if": "reduce_69",
            "switch": "reduce_69",
            "break": "reduce_69",
            "{": "reduce_69",
            "case": "reduce_69",
            "else": "reduce_69",
            "output": "reduce_69",
            "ID": "reduce_69",
            ";": "reduce_69",
            "default": "reduce_69"
        },
        "153": {
            "case_stmts": "goto_158",
            "default": "reduce_40",
            "}": "reduce_40",
            "case": "reduce_40"
        },
        "154": {
            "-": "reduce_62",
            ",": "reduce_62",
            ")": "reduce_62",
            "<": "reduce_62",
            "+": "reduce_62",
            "==": "reduce_62",
            ";": "reduce_62",
            "/": "reduce_62",
            "]": "reduce_62",
            "*": "reduce_62"
        },
        "155": {
            "new_call_arg": "goto_159",
            ",": "reduce_101",
            ")": "reduce_101"
        },
        "156": {
            "endif": "shift_160",
            "save": "goto_161",
            "return": "reduce_69",
            "while": "reduce_69",
            "}": "reduce_69",
            "(": "reduce_69",
            "NUM": "reduce_69",
            "if": "reduce_69",
            "switch": "reduce_69",
            "break": "reduce_69",
            "{": "reduce_69",
            "case": "reduce_69",
            "else": "reduce_69",
            "output": "reduce_69",
            "ID": "reduce_69",
            ";": "reduce_69",
            "default": "reduce_69"
        },
        "157": {
            ";": "shift_54",
            "(": "reduce_81",
            "break": "shift_57",
            "return": "shift_58",
            "output": "shift_59",
            "statement": "goto_162",
            "expression_stmt": "goto_61",
            "return_stmt": "goto_62",
            "expression": "goto_63",
            "var": "goto_64",
            "simple_expression": "goto_65",
            "additive_expression": "goto_66",
            "term": "goto_67",
            "factor": "goto_68",
            "call": "goto_69",
            "push_id": "goto_70",
            "save_const": "goto_71",
            "start_scope": "goto_72",
            "NUM": "reduce_68",
            "ID": "reduce_67",
            "while": "reduce_81",
            "void": "reduce_81",
            "if": "reduce_81",
            "switch": "reduce_81",
            "{": "reduce_81",
            "int": "reduce_81"
        },
        "158": {
            "default": "shift_163",
            "case_stmt": "goto_164",
            "default_stmt": "goto_165",
            "new_case": "goto_166",
            "case": "reduce_87",
            "}": "reduce_43"
        },
        "159": {
            ",": "reduce_65",
            ")": "reduce_65"
        },
        "160": {
            "if_block": "goto_167",
            "return": "reduce_84",
            "while": "reduce_84",
            "}": "reduce_84",
            "(": "reduce_84",
            "NUM": "reduce_84",
            "if": "reduce_84",
            "switch": "reduce_84",
            "break": "reduce_84",
            "{": "reduce_84",
            "case": "reduce_84",
            "else": "reduce_84",
            "output": "reduce_84",
            "ID": "reduce_84",
            ";": "reduce_84",
            "endif": "reduce_84",
            "default": "reduce_84"
        },
        "161": {
            "else": "shift_168"
        },
        "162": {
            "while_loop": "goto_169",
            "return": "reduce_85",
            "while": "reduce_85",
            "}": "reduce_85",
            "(": "reduce_85",
            "NUM": "reduce_85",
            "if": "reduce_85",
            "switch": "reduce_85",
            "break": "reduce_85",
            "{": "reduce_85",
            "case": "reduce_85",
            "else": "reduce_85",
            "output": "reduce_85",
            "ID": "reduce_85",
            ";": "reduce_85",
            "endif": "reduce_85",
            "default": "reduce_85"
        },
        "163": {
            ":": "shift_170"
        },
        "164": {
            "label": "goto_171",
            "return": "reduce_71",
            "while": "reduce_71",
            "}": "reduce_71",
            "(": "reduce_71",
            "NUM": "reduce_71",
            "if": "reduce_71",
            "switch": "reduce_71",
            "case": "reduce_71",
            "break": "reduce_71",
            "{": "reduce_71",
            "output": "reduce_71",
            "ID": "reduce_71",
            ";": "reduce_71",
            "default": "reduce_71"
        },
        "165": {
            "}": "shift_172"
        },
        "166": {
            "case": "shift_173"
        },
        "167": {
            "return": "reduce_33",
            "while": "reduce_33",
            "}": "reduce_33",
            "(": "reduce_33",
            "NUM": "reduce_33",
            "if": "reduce_33",
            "switch": "reduce_33",
            "break": "reduce_33",
            "{": "reduce_33",
            "case": "reduce_33",
            "else": "reduce_33",
            "output": "reduce_33",
            "ID": "reduce_33",
            ";": "reduce_33",
            "endif": "reduce_33",
            "default": "reduce_33"
        },
        "168": {
            "label": "goto_174",
            "return": "reduce_71",
            "while": "reduce_71",
            "}": "reduce_71",
            "(": "reduce_71",
            "NUM": "reduce_71",
            "if": "reduce_71",
            "switch": "reduce_71",
            "case": "reduce_71",
            "break": "reduce_71",
            "{": "reduce_71",
            "output": "reduce_71",
            "ID": "reduce_71",
            ";": "reduce_71",
            "default": "reduce_71"
        },
        "169": {
            "return": "reduce_35",
            "while": "reduce_35",
            "}": "reduce_35",
            "(": "reduce_35",
            "NUM": "reduce_35",
            "if": "reduce_35",
            "switch": "reduce_35",
            "break": "reduce_35",
            "{": "reduce_35",
            "case": "reduce_35",
            "else": "reduce_35",
            "output": "reduce_35",
            "ID": "reduce_35",
            ";": "reduce_35",
            "endif": "reduce_35",
            "default": "reduce_35"
        },
        "170": {
            "statement_list": "goto_175",
            "return": "reduce_23",
            "while": "reduce_23",
            "}": "reduce_23",
            "(": "reduce_23",
            "NUM": "reduce_23",
            "if": "reduce_23",
            "switch": "reduce_23",
            "case": "reduce_23",
            "break": "reduce_23",
            "{": "reduce_23",
            "output": "reduce_23",
            "ID": "reduce_23",
            ";": "reduce_23",
            "default": "reduce_23"
        },
        "171": {
            "default": "reduce_39",
            "}": "reduce_39",
            "case": "reduce_39"
        },
        "172": {
            "switch_block": "goto_176",
            "return": "reduce_86",
            "while": "reduce_86",
            "}": "reduce_86",
            "(": "reduce_86",
            "NUM": "reduce_86",
            "if": "reduce_86",
            "switch": "reduce_86",
            "break": "reduce_86",
            "{": "reduce_86",
            "case": "reduce_86",
            "else": "reduce_86",
            "output": "reduce_86",
            "ID": "reduce_86",
            ";": "reduce_86",
            "endif": "reduce_86",
            "default": "reduce_86"
        },
        "173": {
            "save_const": "goto_177",
            "NUM": "reduce_68"
        },
        "174": {
            ";": "shift_54",
            "(": "reduce_81",
            "break": "shift_57",
            "return": "shift_58",
            "output": "shift_59",
            "statement": "goto_178",
            "expression_stmt": "goto_61",
            "return_stmt": "goto_62",
            "expression": "goto_63",
            "var": "goto_64",
            "simple_expression": "goto_65",
            "additive_expression": "goto_66",
            "term": "goto_67",
            "factor": "goto_68",
            "call": "goto_69",
            "push_id": "goto_70",
            "save_const": "goto_71",
            "start_scope": "goto_72",
            "NUM": "reduce_68",
            "ID": "reduce_67",
            "while": "reduce_81",
            "void": "reduce_81",
            "if": "reduce_81",
            "switch": "reduce_81",
            "{": "reduce_81",
            "int": "reduce_81"
        },
        "175": {
            ";": "shift_54",
            "(": "reduce_81",
            "break": "shift_57",
            "return": "shift_58",
            "output": "shift_59",
            "statement": "goto_60",
            "expression_stmt": "goto_61",
            "return_stmt": "goto_62",
            "expression": "goto_63",
            "var": "goto_64",
            "simple_expression": "goto_65",
            "additive_expression": "goto_66",
            "term": "goto_67",
            "factor": "goto_68",
            "call": "goto_69",
            "push_id": "goto_70",
            "save_const": "goto_71",
            "start_scope": "goto_72",
            "NUM": "reduce_68",
            "ID": "reduce_67",
            "}": "reduce_42",
            "while": "reduce_81",
            "void": "reduce_81",
            "if": "reduce_81",
            "switch": "reduce_81",
            "{": "reduce_81",
            "int": "reduce_81"
        },
        "176": {
            "return": "reduce_38",
            "while": "reduce_38",
            "}": "reduce_38",
            "(": "reduce_38",
            "NUM": "reduce_38",
            "if": "reduce_38",
            "switch": "reduce_38",
            "break": "reduce_38",
            "{": "reduce_38",
            "case": "reduce_38",
            "else": "reduce_38",
            "output": "reduce_38",
            "ID": "reduce_38",
            ";": "reduce_38",
            "endif": "reduce_38",
            "default": "reduce_38"
        },
        "177": {
            "NUM": "shift_179"
        },
        "178": {
            "endif": "shift_180"
        },
        "179": {
            ":": "shift_181"
        },
        "180": {
            "ifelse": "goto_182",
            "return": "reduce_83",
            "while": "reduce_83",
            "}": "reduce_83",
            "(": "reduce_83",
            "NUM": "reduce_83",
            "if": "reduce_83",
            "switch": "reduce_83",
            "break": "reduce_83",
            "{": "reduce_83",
            "case": "reduce_83",
            "else": "reduce_83",
            "output": "reduce_83",
            "ID": "reduce_83",
            ";": "reduce_83",
            "endif": "reduce_83",
            "default": "reduce_83"
        },
        "181": {
            "save": "goto_183",
            "return": "reduce_69",
            "while": "reduce_69",
            "}": "reduce_69",
            "(": "reduce_69",
            "NUM": "reduce_69",
            "if": "reduce_69",
            "switch": "reduce_69",
            "break": "reduce_69",
            "{": "reduce_69",
            "case": "reduce_69",
            "else": "reduce_69",
            "output": "reduce_69",
            "ID": "reduce_69",
            ";": "reduce_69",
            "default": "reduce_69"
        },
        "182": {
            "return": "reduce_34",
            "while": "reduce_34",
            "}": "reduce_34",
            "(": "reduce_34",
            "NUM": "reduce_34",
            "if": "reduce_34",
            "switch": "reduce_34",
            "break": "reduce_34",
            "{": "reduce_34",
            "case": "reduce_34",
            "else": "reduce_34",
            "output": "reduce_34",
            "ID": "reduce_34",
            ";": "reduce_34",
            "endif": "reduce_34",
            "default": "reduce_34"
        },
        "183": {
            "empty_cell": "goto_184",
            "return": "reduce_70",
            "while": "reduce_70",
            "}": "reduce_70",
            "(": "reduce_70",
            "NUM": "reduce_70",
            "if": "reduce_70",
            "switch": "reduce_70",
            "break": "reduce_70",
            "{": "reduce_70",
            "case": "reduce_70",
            "int": "reduce_70",
            "output": "reduce_70",
            "void": "reduce_70",
            "ID": "reduce_70",
            ";": "reduce_70",
            "default": "reduce_70"
        },
        "184": {
            "statement_list": "goto_185",
            "return": "reduce_23",
            "while": "reduce_23",
            "}": "reduce_23",
            "(": "reduce_23",
            "NUM": "reduce_23",
            "if": "reduce_23",
            "switch": "reduce_23",
            "case": "reduce_23",
            "break": "reduce_23",
            "{": "reduce_23",
            "output": "reduce_23",
            "ID": "reduce_23",
            ";": "reduce_23",
            "default": "reduce_23"
        },
        "185": {
            ";": "shift_54",
            "(": "reduce_81",
            "break": "shift_57",
            "return": "shift_58",
            "output": "shift_59",
            "statement": "goto_60",
            "expression_stmt": "goto_61",
            "return_stmt": "goto_62",
            "expression": "goto_63",
            "var": "goto_64",
            "simple_expression": "goto_65",
            "additive_expression": "goto_66",
            "term": "goto_67",
            "factor": "goto_68",
            "call": "goto_69",
            "push_id": "goto_70",
            "save_const": "goto_71",
            "start_scope": "goto_72",
            "NUM": "reduce_68",
            "ID": "reduce_67",
            "default": "reduce_41",
            "}": "reduce_41",
            "case": "reduce_41",
            "while": "reduce_81",
            "void": "reduce_81",
            "if": "reduce_81",
            "switch": "reduce_81",
            "{": "reduce_81",
            "int": "reduce_81"
        }
    }
}